adhP,pheS,atr,glnA,sdhA,glcK,tkt,ST
1,1,2,1,1,2,2,1
1,1,3,1,1,2,2,2
1,1,4,1,1,3,2,3
1,1,4,1,1,3,4,4
12,1,4,1,1,3,4,5
9,1,2,1,3,2,2,6
10,1,2,1,3,2,2,7
4,1,4,1,3,3,2,8
8,1,4,1,3,3,2,9
9,1,4,1,3,3,2,10
9,3,7,1,3,3,2,11
10,1,4,1,3,3,2,12
11,3,4,1,3,3,2,13
1,1,2,1,5,2,2,14
9,1,4,1,5,3,2,15
1,1,4,1,6,3,4,16
2,1,1,2,1,1,1,17
3,1,1,2,1,1,1,18
1,1,3,2,2,2,2,19
1,2,3,2,2,2,2,20
1,9,3,2,2,2,2,21
13,3,1,3,1,1,1,22
5,4,6,3,2,1,3,23
5,4,4,3,2,3,3,24
5,4,6,3,8,1,3,25
1,1,5,4,1,4,6,26
1,1,3,4,2,2,2,27
1,1,3,5,2,2,2,28
2,1,1,8,1,1,1,29
1,1,8,2,2,2,2,30
2,1,1,6,1,1,1,31
2,1,1,2,7,1,1,32
5,6,4,3,2,1,3,33
5,7,6,3,2,1,3,34
1,1,3,2,2,5,2,35
1,1,3,2,2,2,7,36
13,3,9,3,1,1,1,37
9,1,10,1,3,2,2,38
13,3,11,3,1,1,1,39
13,3,1,3,1,7,1,40
10,1,12,1,3,2,2,41
1,1,3,2,3,2,2,42
10,1,4,1,2,3,2,43
1,1,3,2,1,2,2,44
13,3,1,3,3,1,1,45
1,1,4,1,3,3,4,46
9,1,4,1,1,3,2,47
2,1,1,2,2,1,1,48
1,1,2,1,2,2,2,49
1,1,2,11,1,2,2,50
10,1,3,1,3,2,2,51
5,4,6,3,1,1,3,52
4,1,4,1,1,3,2,53
1,1,4,1,9,3,4,54
5,1,6,3,2,1,3,55
1,1,2,1,2,8,2,56
1,1,13,1,2,2,2,57
16,1,6,2,2,9,2,58
1,1,3,4,2,2,5,59
16,1,6,2,1,9,2,60
13,1,1,13,1,1,1,61
13,1,1,13,11,1,5,62
13,1,1,2,1,10,1,63
13,1,1,2,1,1,1,64
9,11,4,1,3,3,2,65
1,1,3,14,1,12,2,66
13,1,1,13,1,1,5,67
1,1,3,1,11,2,2,68
13,1,1,16,1,1,5,69
2,1,1,2,13,1,1,70
1,1,2,1,1,2,8,71
13,1,1,13,1,2,5,72
13,1,1,13,14,9,5,73
13,1,1,13,1,13,5,74
13,1,14,13,1,1,5,75
13,1,1,13,1,14,1,76
13,1,1,13,1,14,5,77
9,1,4,1,3,11,2,78
13,1,1,13,14,1,5,79
19,1,1,13,1,1,5,80
1,12,3,2,2,1,2,81
20,13,15,1,15,1,5,82
2,1,1,2,14,1,1,83
10,1,2,1,3,1,2,84
13,1,17,15,1,1,5,85
1,1,3,2,2,1,2,86
18,1,3,2,2,2,2,87
5,10,6,3,2,1,3,88
10,1,19,1,3,2,2,89
5,4,6,19,2,1,3,90
25,1,1,13,1,15,1,91
26,4,6,3,2,1,3,92
9,4,4,1,18,3,4,93
5,4,18,3,2,1,3,94
2,1,1,12,1,1,1,95
1,1,3,5,10,2,2,96
1,1,2,18,1,2,2,97
1,1,3,20,2,2,2,98
1,1,20,2,2,2,2,99
13,1,1,13,1,17,5,100
13,1,1,13,1,18,5,101
24,10,6,3,2,1,3,102
16,1,6,2,9,9,2,103
21,1,4,1,5,3,2,104
27,1,1,13,1,16,1,105
1,1,3,4,2,5,2,106
15,1,3,2,2,2,2,107
2,1,1,2,1,6,1,108
2,1,1,10,1,1,1,109
1,1,3,2,2,2,9,110
28,1,1,2,1,1,1,111
1,1,3,2,17,2,2,112
22,1,4,1,3,3,2,113
15,4,6,3,2,1,3,114
23,1,1,2,1,1,1,115
4,14,4,1,3,3,2,116
30,1,3,1,1,2,2,117
31,1,4,1,3,3,2,118
2,1,21,2,1,1,1,119
2,15,1,2,1,1,1,120
32,1,3,2,2,2,2,121
1,1,3,2,2,19,2,122
1,1,23,2,2,2,2,123
1,1,22,2,2,2,2,124
2,1,1,2,19,1,1,125
2,1,1,2,1,1,10,126
1,1,4,4,1,3,6,127
2,1,1,19,1,1,1,128
2,1,1,2,21,20,1,129
9,8,4,1,5,3,4,130
1,1,3,2,2,3,2,131
5,4,24,3,2,1,3,132
2,1,1,9,1,1,1,133
29,1,4,1,3,3,2,134
1,1,3,23,2,2,2,135
1,1,3,1,22,12,2,136
14,1,1,2,1,1,1,137
1,1,4,2,2,2,2,138
1,1,4,1,1,2,2,139
9,1,1,1,3,2,2,140
9,5,2,1,3,2,2,141
2,1,1,21,1,1,1,142
5,10,6,3,23,1,3,143
5,4,1,3,2,1,3,144
33,4,6,3,2,1,3,145
2,1,1,1,1,1,1,146
2,1,1,22,1,1,1,147
2,1,1,24,1,1,1,148
1,1,3,2,2,2,11,149
2,1,1,2,1,1,12,150
34,1,2,1,1,2,2,151
37,1,3,2,2,2,2,152
36,1,2,1,1,2,2,153
35,1,3,2,2,2,2,154
13,3,1,3,24,1,1,155
1,1,1,1,1,2,2,156
9,1,1,1,3,3,2,157
1,1,6,2,2,2,2,158
10,1,1,3,3,3,2,159
9,5,6,1,3,3,2,160
5,4,2,3,2,1,3,161
5,4,3,3,2,3,3,162
5,4,4,3,2,1,3,163
1,1,2,2,2,2,2,164
9,1,6,1,3,3,2,165
5,4,3,3,2,1,3,166
1,1,6,1,1,2,2,167
13,3,4,25,1,1,1,168
13,3,4,3,1,1,1,169
2,1,2,2,1,1,1,170
2,1,3,2,1,1,1,171
1,1,3,1,1,3,4,172
38,1,2,1,1,2,2,173
2,1,1,3,1,1,1,174
1,1,3,3,2,2,2,175
1,1,3,2,2,9,2,176
2,1,1,6,2,1,1,177
1,1,3,2,2,2,3,178
2,1,1,2,1,1,3,179
2,4,1,2,1,1,1,180
30,1,3,2,2,2,2,181
1,1,3,2,18,2,2,182
48,1,2,1,1,2,2,183
1,4,2,1,2,2,3,184
2,4,1,2,2,1,3,185
1,1,2,1,1,2,5,186
5,1,6,2,2,2,3,187
2,1,1,2,1,1,2,188
13,4,1,3,1,1,1,189
1,4,3,2,2,2,2,190
2,4,1,12,1,1,1,191
2,1,16,6,1,1,1,192
1,1,3,2,2,2,1,193
39,1,1,2,1,1,1,194
9,1,1,1,3,2,1,195
1,1,3,1,1,12,2,196
1,1,3,1,2,2,2,197
13,4,6,3,2,1,3,198
5,4,6,3,2,1,2,199
9,1,4,1,3,3,5,200
2,1,25,2,1,1,1,201
40,1,3,1,1,2,2,202
5,4,6,3,2,3,1,203
1,1,4,3,1,3,3,204
5,4,1,3,2,2,1,205
5,4,1,3,2,1,1,206
1,1,2,1,2,2,3,207
1,1,6,1,2,2,3,208
1,1,10,1,2,2,3,209
5,4,6,3,2,1,14,210
5,4,6,3,2,22,3,211
5,4,6,3,2,1,15,212
43,4,6,3,2,1,3,213
44,4,6,3,2,1,3,214
5,4,26,3,2,1,3,215
5,4,27,3,2,1,3,216
1,1,2,1,1,2,13,217
41,1,3,2,2,2,2,218
42,1,3,2,2,2,2,219
1,4,6,3,2,1,3,220
5,4,6,3,2,2,3,221
5,4,6,3,2,1,4,222
5,4,6,3,2,1,1,223
5,10,6,1,2,1,4,224
1,10,4,1,1,3,3,225
16,1,2,2,9,1,2,226
4,1,4,3,3,3,3,227
5,1,2,1,1,2,2,228
2,1,1,6,1,1,10,229
8,1,28,1,3,23,2,230
1,1,2,1,1,24,2,231
45,1,3,2,2,2,2,232
46,1,3,2,2,2,2,233
5,4,6,3,2,1,16,234
47,1,2,1,1,2,2,235
4,1,2,1,1,3,2,236
2,1,1,2,1,1,17,237
4,1,2,1,1,2,2,238
10,1,4,1,3,3,18,239
9,8,4,1,3,3,4,240
1,16,3,2,2,2,2,241
1,1,29,26,1,2,2,242
1,1,4,1,25,3,4,243
2,1,30,2,1,1,1,244
46,1,4,1,3,3,2,245
49,17,31,4,26,25,19,246
13,1,2,2,27,9,1,247
16,18,2,2,9,2,2,248
5,4,6,1,2,1,3,249
1,1,3,1,12,2,2,250
1,1,2,27,1,2,2,251
50,1,2,2,1,1,1,252
5,19,6,3,2,1,3,253
9,1,3,2,2,2,2,254
9,1,2,2,3,2,2,255
51,1,5,4,1,4,6,256
52,17,31,4,26,2,19,257
10,17,2,2,26,26,2,258
52,17,31,28,26,26,2,259
52,17,31,28,26,26,19,260
54,17,31,4,26,25,19,261
5,4,32,3,2,1,3,262
1,1,33,1,1,2,2,263
4,1,4,1,3,3,20,264
53,1,4,1,3,3,2,265
1,1,3,29,28,2,2,266
32,1,3,5,2,2,2,267
10,1,4,2,3,3,2,268
13,3,1,3,1,1,2,269
13,1,1,3,1,1,1,270
13,1,1,2,1,1,5,271
10,1,4,1,3,3,21,272
4,22,4,1,3,3,2,273
1,21,3,2,2,2,9,274
4,1,4,31,3,3,2,275
5,20,6,30,2,1,3,276
55,1,2,1,1,2,2,277
2,1,1,2,1,27,1,278
5,4,6,3,30,1,3,279
5,4,6,3,29,1,3,280
57,1,2,1,1,2,5,281
2,24,1,2,1,1,1,282
9,5,7,1,3,3,2,283
59,10,6,3,2,1,3,284
1,1,36,2,2,2,2,285
1,1,37,2,2,2,2,286
2,1,1,2,1,31,1,287
1,1,4,1,1,30,2,288
1,1,3,36,2,2,9,289
2,26,1,2,1,1,1,290
2,25,1,2,1,1,1,291
1,1,3,5,32,2,2,292
1,1,3,1,1,2,5,293
60,1,3,2,2,2,2,294
58,1,3,2,2,2,2,295
8,1,4,1,3,23,2,296
1,1,2,2,1,2,2,297
13,1,2,3,1,1,5,298
61,1,4,1,1,3,4,299
56,23,34,37,3,9,4,300
13,1,1,13,1,28,5,301
56,23,6,33,3,9,4,302
56,23,35,37,3,9,4,303
9,1,2,4,3,2,2,304
5,4,6,32,2,1,3,305
1,1,3,1,12,2,1,306
5,7,6,3,2,1,1,307
1,1,2,34,1,29,3,308
13,1,1,2,1,9,1,309
13,1,1,13,1,9,1,310
5,4,6,35,2,1,3,311
13,1,1,13,1,9,5,312
13,1,1,2,1,28,5,313
16,1,2,2,9,2,2,314
2,1,1,2,31,1,1,315
63,1,1,2,1,1,1,316
1,1,2,1,33,2,2,317
1,1,2,3,1,1,2,318
2,1,1,2,1,1,22,319
5,4,6,3,2,1,23,320
64,1,2,1,1,2,2,321
5,4,4,3,2,3,2,322
1,1,39,4,1,4,6,323
1,1,40,2,2,2,2,324
5,4,6,4,2,1,3,325
5,4,41,3,2,3,3,326
1,1,4,2,20,3,2,327
1,1,4,2,2,3,2,328
2,1,1,38,1,1,1,329
1,27,4,2,2,3,2,330
1,1,3,5,2,2,3,331
4,1,3,1,3,3,2,332
1,1,3,1,1,12,5,333
5,4,42,3,2,1,3,334
1,1,43,2,2,2,2,335
1,1,44,2,2,32,2,336
13,1,1,13,1,2,1,337
56,23,6,33,3,9,24,338
13,1,1,13,1,34,5,339
56,23,34,37,3,9,24,340
13,1,1,2,1,1,4,341
1,1,2,34,1,29,2,342
13,1,1,2,27,9,1,343
56,23,35,37,3,9,24,344
62,1,2,1,1,22,2,345
1,1,45,1,1,2,2,346
65,1,3,5,2,2,2,347
1,1,3,2,16,2,2,348
35,1,2,1,1,2,2,349
9,1,4,39,3,3,2,350
66,1,3,2,2,2,2,351
1,1,1,40,1,1,2,352
10,15,12,1,3,2,2,353
13,1,1,13,1,1,25,354
2,1,46,2,1,1,1,355
13,1,2,41,1,1,5,356
2,1,1,2,1,3,1,357
1,1,4,1,3,3,2,358
2,1,1,2,1,35,1,359
2,1,1,2,1,36,1,360
10,1,4,1,1,3,2,361
4,1,4,1,2,3,2,362
67,1,47,1,3,2,2,363
1,1,2,1,1,2,26,364
1,1,5,4,3,4,27,365
5,4,6,3,35,1,3,366
68,1,2,1,1,2,2,367
1,1,3,5,2,1,2,368
1,1,48,4,2,2,2,369
1,1,2,1,1,1,2,370
1,1,6,1,1,1,2,371
69,1,4,1,3,3,2,372
70,1,4,1,3,3,2,373
10,1,49,1,3,3,2,374
1,1,2,1,1,2,28,375
2,1,1,2,36,1,1,376
1,1,4,5,2,2,2,377
1,1,3,1,1,2,29,378
1,1,3,2,34,2,2,379
5,28,6,3,2,1,3,380
71,1,4,1,3,3,2,381
72,1,3,2,2,2,2,382
1,1,2,42,1,2,2,383
2,1,1,2,1,37,1,384
5,4,6,3,2,1,30,385
15,1,3,5,2,2,2,386
1,1,2,1,1,3,2,387
1,1,5,1,1,4,6,388
1,1,3,2,2,2,5,389
4,1,4,1,3,9,2,390
1,1,6,3,2,1,3,391
1,1,3,43,2,2,2,392
1,1,3,2,2,2,31,393
73,1,2,1,1,2,2,394
1,1,50,2,2,2,2,395
1,1,3,2,10,2,2,396
5,25,4,1,2,1,3,397
1,1,4,1,1,4,2,398
10,1,4,1,3,1,2,399
12,1,4,1,3,3,2,400
1,8,4,1,5,3,2,401
2,1,3,1,3,2,2,402
5,4,6,3,2,2,2,403
5,1,3,2,2,1,3,404
2,1,4,2,1,1,2,405
5,4,6,6,2,1,3,406
13,3,1,1,1,1,1,407
1,1,51,2,2,2,2,408
1,1,3,2,37,1,2,409
5,10,3,2,2,2,2,410
30,1,2,1,1,2,2,411
5,4,38,3,2,1,3,412
1,1,2,4,1,2,2,413
1,1,4,2,1,3,2,414
13,1,2,13,1,1,5,415
76,1,1,13,1,1,1,416
5,28,6,13,2,1,3,417
13,1,1,2,1,1,33,418
77,1,1,13,1,9,1,419
1,1,1,2,1,1,2,420
1,1,2,46,1,29,2,421
1,1,1,13,1,2,1,422
13,1,3,1,12,2,2,423
1,1,2,1,12,2,2,424
13,1,2,1,1,2,2,425
78,4,6,3,2,1,3,426
5,1,6,3,2,1,2,427
1,1,2,46,40,2,2,428
1,1,2,46,1,2,2,429
1,1,3,1,9,2,2,430
13,1,1,2,1,9,5,431
9,1,1,1,5,2,2,432
1,1,1,2,1,1,33,433
1,2,1,1,1,2,2,434
74,10,6,3,2,1,3,435
75,1,1,2,1,1,1,436
2,29,1,12,1,1,1,437
2,30,1,6,1,1,1,438
5,4,6,3,38,1,3,439
2,1,1,2,1,1,32,440
5,31,6,3,2,1,3,441
5,4,6,44,2,1,3,442
5,4,6,3,2,38,3,443
5,4,52,3,2,1,3,444
5,4,53,3,2,1,3,445
5,4,6,45,2,1,3,446
1,1,3,2,39,2,2,447
1,1,2,1,1,39,2,448
2,1,3,2,18,2,1,449
79,1,1,2,1,1,1,450
2,32,1,2,1,1,1,451
5,25,4,3,2,3,3,452
1,1,54,1,1,2,2,453
4,1,1,1,3,3,2,454
5,1,1,2,1,1,1,455
1,1,1,2,2,2,2,456
2,1,6,3,2,1,3,457
1,1,2,1,1,2,3,458
1,1,3,1,41,12,2,459
1,33,2,1,1,2,2,460
16,1,6,2,9,9,34,461
86,1,2,1,1,2,2,462
1,1,2,3,1,2,2,463
5,4,4,3,2,3,1,464
2,1,1,24,1,1,2,465
2,1,16,2,1,1,1,466
2,1,1,2,1,32,1,467
5,25,4,3,2,3,1,468
2,1,1,48,1,1,1,469
2,1,1,2,42,1,35,470
1,1,55,2,2,2,2,471
1,1,3,5,43,2,2,472
1,1,3,49,1,12,2,473
9,1,4,1,44,3,2,474
1,1,3,2,45,2,2,475
2,1,1,2,1,1,36,476
5,4,6,50,2,1,3,477
1,1,2,5,1,2,2,478
1,1,3,5,46,2,2,479
1,1,4,1,1,1,5,480
5,4,6,51,2,1,3,481
2,1,1,2,47,1,1,482
13,1,56,13,1,9,1,483
2,1,57,2,1,1,1,484
16,1,4,2,9,3,2,485
16,1,6,2,9,1,2,486
1,1,2,1,1,2,1,487
25,1,1,13,1,1,1,488
13,1,2,13,1,41,5,489
13,1,1,13,1,1,37,490
9,5,7,1,3,3,38,491
5,4,6,52,2,1,3,492
2,1,1,2,1,1,39,493
2,1,1,2,48,1,1,494
5,4,6,2,2,1,40,495
2,34,1,2,1,1,1,496
87,1,3,1,1,2,2,497
5,35,4,3,2,3,3,498
1,1,58,2,1,2,2,499
10,1,2,1,49,2,2,500
5,4,59,3,2,1,3,501
88,1,3,1,1,2,2,502
89,1,4,1,3,3,2,503
80,1,3,2,2,2,2,504
81,4,1,3,1,1,3,505
82,4,6,3,2,1,3,506
83,1,2,1,1,2,2,507
84,1,4,47,3,3,2,508
10,1,4,1,3,40,2,509
85,1,3,2,2,2,2,510
2,1,60,2,1,1,2,511
2,1,1,53,1,1,1,512
10,1,4,54,3,3,2,513
1,1,2,55,1,2,2,514
2,1,1,56,1,1,1,515
90,1,4,1,1,3,41,516
91,1,1,2,1,1,1,517
1,1,2,57,1,2,2,518
9,36,4,1,5,3,4,519
1,1,3,58,2,2,2,520
1,1,3,2,2,42,2,521
2,1,1,2,1,1,42,522
8,1,4,1,3,3,43,523
1,1,2,1,1,2,44,524
96,3,1,3,1,1,1,525
97,8,4,1,5,3,4,526
98,1,4,1,3,3,2,527
5,4,6,3,2,3,3,528
1,1,4,4,2,3,2,529
99,1,2,1,1,2,2,530
100,1,2,1,1,2,2,531
1,1,3,5,50,2,2,532
94,1,2,1,1,43,2,533
93,4,4,3,2,3,3,534
1,1,2,1,1,2,45,535
4,1,4,59,3,3,2,536
1,1,61,5,2,2,2,537
101,1,4,1,3,3,2,538
5,4,7,3,2,3,3,539
2,1,2,1,1,1,1,540
46,9,3,5,2,2,2,541
2,37,1,2,1,1,1,542
102,1,1,2,1,1,1,543
103,1,3,2,2,2,2,544
5,4,62,3,2,1,3,545
10,38,2,1,3,2,2,546
1,1,3,2,2,45,2,547
104,1,4,1,3,3,2,548
9,1,2,1,3,2,46,549
2,1,1,40,1,1,1,550
105,1,3,1,1,2,2,551
52,17,31,4,26,26,19,552
52,17,31,4,2,26,19,553
13,39,1,13,1,1,1,554
1,1,3,2,18,2,47,555
5,4,6,3,2,44,3,556
2,1,1,60,1,1,1,557
10,1,2,1,3,2,5,558
1,1,16,2,2,2,5,559
10,1,4,1,3,46,2,560
1,1,3,5,2,45,2,561
9,1,4,1,3,1,2,562
1,10,3,1,1,12,2,563
2,1,1,2,1,47,1,564
95,1,4,1,1,2,2,565
1,1,3,2,2,2,48,566
106,1,3,1,1,2,2,567
16,1,6,2,51,9,2,568
9,1,1,1,3,1,2,569
16,1,1,2,1,1,5,570
9,1,4,1,3,48,2,571
1,1,3,2,2,49,2,572
9,1,4,1,3,9,2,573
108,1,1,2,1,1,1,574
1,1,43,61,2,2,2,575
2,1,6,10,1,1,1,576
2,4,1,10,1,1,1,577
2,1,6,2,1,1,1,578
9,1,4,1,2,3,2,579
9,1,3,5,39,2,2,580
5,4,6,3,9,1,1,581
5,1,6,2,1,1,1,582
4,1,4,1,1,3,1,583
2,1,1,62,1,1,1,584
10,1,12,1,3,2,5,585
13,3,1,63,1,1,1,586
65,1,3,2,2,2,2,587
1,1,3,1,52,2,2,588
1,1,2,64,1,2,2,589
10,1,4,1,53,3,2,590
13,1,6,13,1,1,1,591
13,3,65,3,1,1,1,592
1,1,64,2,1,2,2,593
1,1,63,2,2,2,2,594
1,1,66,2,2,2,2,595
1,1,1,2,2,1,2,596
5,9,6,3,2,1,3,597
4,3,4,1,3,3,2,598
5,4,6,3,2,1,49,599
109,1,2,1,1,2,2,600
92,1,3,2,2,2,2,601
92,1,2,1,1,2,2,602
1,1,3,1,1,5,2,603
110,1,2,2,3,2,2,604
1,1,3,1,1,50,2,605
1,1,2,1,1,51,2,606
28,25,1,2,1,1,1,607
58,42,3,2,18,2,2,608
56,40,4,66,1,53,4,609
13,40,6,65,3,52,50,610
13,40,68,65,54,52,51,611
111,40,6,65,3,52,51,612
111,40,67,65,3,52,51,613
56,41,4,66,1,53,4,614
13,40,6,65,3,52,51,615
13,40,68,65,55,52,4,616
13,40,68,65,3,52,51,617
111,40,69,65,3,52,51,618
62,1,2,1,1,2,2,619
1,43,3,2,2,2,2,620
13,1,6,13,1,2,1,621
13,1,6,13,1,1,52,622
16,5,4,2,9,3,2,623
5,4,6,2,2,1,3,624
10,1,2,67,3,2,2,625
5,10,70,3,2,1,3,626
5,4,6,3,2,1,53,627
1,1,3,1,1,54,2,628
9,1,4,1,56,3,2,629
5,4,6,68,2,1,3,630
2,44,1,2,1,1,1,631
13,45,1,13,1,1,1,632
113,1,6,2,9,9,2,633
112,1,2,1,1,2,2,634
1,1,71,1,1,2,2,635
1,1,2,1,1,55,2,636
9,1,4,3,3,3,2,637
9,1,3,2,2,2,9,638
5,4,6,3,57,1,3,639
5,4,6,3,58,1,3,640
5,4,72,3,2,1,3,641
5,4,6,3,2,1,54,642
2,1,73,2,1,1,1,643
1,46,6,1,1,2,2,644
94,1,3,1,1,2,2,645
1,1,3,2,2,2,55,646
1,1,3,69,2,2,2,647
114,1,2,1,1,2,2,648
115,4,6,3,2,1,3,649
1,1,3,4,2,1,2,650
16,1,6,70,9,9,2,651
116,1,4,1,3,3,2,652
1,47,3,5,2,2,2,653
117,1,4,1,3,3,2,654
2,1,74,2,1,56,1,655
13,48,1,3,1,1,1,656
118,1,2,1,1,2,2,657
10,1,4,1,3,3,5,658
119,1,4,1,3,3,2,659
4,1,75,1,3,3,2,660
5,4,6,3,59,1,3,661
5,4,6,71,2,1,3,662
5,49,6,3,2,1,3,663
5,50,4,3,2,3,3,664
5,4,6,3,61,1,3,665
5,4,6,3,60,1,3,666
1,1,76,1,1,2,2,667
9,1,77,1,3,3,2,668
1,1,1,3,1,1,1,669
2,1,4,2,1,1,1,670
1,1,1,1,41,12,2,671
2,1,3,1,1,1,3,672
1,1,3,2,18,2,1,673
4,1,6,1,3,2,2,674
1,1,1,2,2,2,3,675
1,51,2,1,1,2,2,676
122,1,3,2,2,2,2,677
1,37,2,1,1,2,2,678
1,9,2,1,1,2,2,679
2,9,1,2,1,1,1,680
35,2,2,1,1,2,2,681
1,25,2,1,1,2,2,682
13,1,3,4,2,2,2,683
107,10,6,3,2,1,3,684
118,1,3,2,2,2,2,685
5,4,6,3,2,54,54,686
1,1,3,2,35,2,2,687
1,1,3,48,29,2,43,688
1,1,3,1,14,2,2,689
9,1,7,1,3,3,2,690
1,33,4,2,2,2,2,691
10,1,4,1,3,3,28,692
46,1,2,1,1,2,2,693
122,1,2,1,1,2,2,694
1,33,3,1,1,12,2,695
4,4,4,1,3,3,2,696
46,1,3,1,1,2,2,697
1,37,2,1,22,2,2,698
10,1,2,1,1,3,2,699
1,1,2,37,1,2,2,700
123,1,3,2,2,2,2,701
1,1,2,1,1,2,57,702
9,1,4,1,3,57,2,703
9,1,80,1,3,3,2,704
1,1,3,72,2,2,2,705
1,1,3,2,62,2,2,706
5,4,4,3,2,58,3,707
1,1,2,1,1,59,2,708
10,1,2,1,3,2,56,709
36,1,3,1,41,12,2,710
1,1,4,1,41,3,2,711
2,1,1,2,1,1,59,712
5,4,6,3,2,36,3,713
1,1,2,1,65,2,2,714
5,55,4,3,2,3,3,715
128,4,6,3,2,1,3,716
10,1,4,75,3,3,2,717
13,1,81,13,1,1,1,718
124,53,2,1,1,2,2,719
5,52,6,3,2,1,3,720
9,1,4,74,3,3,2,721
5,4,6,3,64,1,3,722
5,1,6,3,2,61,3,723
10,1,82,1,3,2,2,724
125,1,3,1,1,2,2,725
1,54,3,1,1,12,2,726
16,1,83,2,9,2,2,727
126,1,2,2,9,2,2,728
1,1,5,4,1,4,58,729
4,1,4,1,3,60,2,730
16,1,6,73,9,9,2,731
1,1,3,1,63,12,2,732
125,4,6,3,2,1,3,733
1,1,43,2,2,2,45,734
10,32,2,1,3,2,2,735
1,1,47,2,2,2,2,736
16,33,4,2,9,3,2,737
16,33,7,2,9,3,2,738
129,5,7,1,3,3,2,739
4,1,4,1,66,3,2,740
1,1,2,1,67,2,2,741
1,1,3,2,2,2,60,742
2,1,1,2,68,1,1,743
2,1,1,2,1,62,1,744
5,4,6,3,69,1,3,745
5,4,4,1,2,3,3,746
1,4,6,2,9,1,22,747
5,1,1,32,4,1,2,748
5,4,2,2,2,2,3,749
16,1,6,1,9,9,2,750
9,5,4,1,3,3,2,751
130,1,4,1,3,3,2,752
1,1,3,76,2,2,2,753
9,1,84,1,3,3,2,754
1,1,85,1,1,2,2,755
131,4,6,3,2,1,3,756
2,1,1,77,1,1,1,757
5,4,6,3,70,1,3,758
1,1,3,1,71,12,2,759
1,1,2,1,9,2,2,760
93,4,6,3,2,1,3,761
5,4,6,3,2,66,3,762
2,1,1,2,1,67,1,763
134,3,1,3,1,1,1,764
133,1,4,1,3,3,2,765
2,1,1,2,1,69,1,766
1,1,3,2,72,2,2,767
5,4,6,3,46,1,3,768
1,1,48,2,2,2,2,769
9,1,90,1,3,3,2,770
5,4,6,3,74,1,3,771
1,1,3,2,75,2,2,772
135,58,3,1,1,2,2,773
5,4,91,3,2,1,3,774
136,1,2,1,1,2,64,775
5,4,6,3,76,1,3,776
1,1,3,1,73,2,2,777
1,1,88,1,1,2,2,778
2,1,1,2,1,70,1,779
9,1,2,1,1,2,2,780
17,4,4,3,2,58,3,781
5,4,6,3,77,71,3,782
137,4,6,3,2,1,3,783
2,1,1,82,1,1,1,784
4,1,4,1,3,3,65,785
2,1,94,2,1,1,1,786
9,1,4,1,3,3,66,787
2,1,1,2,78,1,1,788
143,1,4,2,20,3,2,789
2,1,1,83,1,1,1,790
2,1,57,2,1,1,67,791
144,1,57,2,1,1,1,792
1,1,4,2,20,3,68,793
1,61,2,1,1,2,2,794
2,1,57,2,1,75,1,795
138,1,2,1,1,2,2,796
9,1,4,1,3,3,70,797
13,3,95,2,1,1,22,798
138,1,2,1,1,76,2,799
2,1,1,2,82,1,1,800
139,1,1,2,1,1,1,801
5,4,6,1,79,1,3,802
141,4,6,3,2,1,3,803
4,1,4,84,3,3,2,804
1,1,5,85,1,4,6,805
149,1,5,4,1,4,6,806
1,1,96,2,2,2,2,807
10,1,97,1,3,2,2,808
1,61,3,2,2,2,2,809
148,1,3,1,1,2,2,810
145,1,5,4,1,4,6,811
1,1,98,1,1,2,2,812
1,1,2,1,83,2,2,813
1,1,99,1,1,2,2,814
147,1,2,1,1,2,2,815
146,1,3,2,2,2,2,816
1,1,3,1,1,77,2,817
1,62,2,1,1,2,2,818
1,1,2,1,1,79,2,819
1,1,2,88,1,2,2,820
1,1,3,1,41,2,2,821
1,1,3,2,2,2,71,822
1,1,3,2,2,2,72,823
1,1,3,2,9,2,2,824
1,1,3,90,2,2,2,825
1,1,4,1,1,78,2,826
1,64,2,1,1,2,2,827
2,1,1,86,1,1,1,828
2,1,1,87,1,1,75,829
2,63,1,2,1,1,1,830
4,1,4,1,84,3,2,831
5,1,12,1,2,1,3,832
5,4,6,3,2,1,73,833
5,4,6,3,2,1,74,834
5,4,6,3,87,1,3,835
5,25,4,3,17,3,3,836
5,66,6,3,2,1,3,837
9,1,4,1,85,3,2,838
10,1,4,1,86,3,2,839
10,1,4,3,3,3,2,840
10,1,4,89,3,3,2,841
10,1,4,92,3,3,2,842
10,1,100,1,3,3,2,843
10,65,4,1,3,3,2,844
13,3,1,3,1,22,1,845
13,3,1,3,1,80,1,846
150,1,2,1,1,2,2,847
151,1,2,1,1,2,2,848
152,1,2,1,1,2,2,849
153,1,3,2,2,2,2,850
154,1,3,2,2,2,2,851
155,1,3,1,41,12,2,852
156,1,3,2,2,2,2,853
157,1,101,2,1,1,1,854
158,1,4,1,3,3,2,855
159,1,4,91,3,3,2,856
160,3,1,3,1,1,1,857
161,1,4,1,3,3,2,858
162,25,4,3,2,3,3,859
157,1,1,2,1,1,1,860
1,1,89,2,2,2,2,861
16,1,4,70,9,3,2,862
1,57,4,1,1,3,2,863
2,1,102,2,1,1,1,864
2,1,1,2,88,1,1,865
132,1,1,2,1,1,1,866
2,53,1,2,1,1,1,867
2,1,1,2,1,1,62,868
2,56,1,2,1,65,1,869
2,1,1,2,3,1,1,870
1,1,2,1,1,88,2,871
1,1,2,1,90,2,2,872
1,1,106,1,1,2,2,873
2,1,1,2,1,89,1,874
5,69,1,3,2,1,3,875
1,70,3,5,2,2,2,876
166,1,2,1,1,2,2,877
167,1,2,1,1,2,2,878
1,1,3,1,1,2,65,879
10,1,4,1,91,3,2,880
5,1,4,1,2,1,3,881
5,1,6,1,2,1,3,882
16,1,6,2,9,3,2,883
16,1,4,2,9,3,3,884
1,1,3,5,2,90,2,885
2,1,2,1,1,2,2,886
1,1,1,2,1,1,1,887
13,1,1,13,1,3,1,888
9,1,6,1,3,2,4,889
5,4,4,3,9,3,3,890
54,17,31,81,26,25,19,891
10,1,4,1,3,3,81,892
1,1,3,2,2,91,2,893
169,1,2,1,1,2,2,894
168,10,6,3,2,1,3,895
170,1,3,1,1,12,2,896
171,1,6,4,1,1,1,897
172,1,1,2,1,1,1,898
2,1,1,2,1,84,1,899
1,1,2,1,1,86,2,900
1,1,3,2,2,85,2,901
5,4,6,3,2,82,3,902
10,1,4,1,3,3,77,903
1,1,2,1,1,2,76,904
163,1,1,2,1,1,1,905
1,1,2,1,1,2,78,906
13,3,1,93,1,1,1,907
1,1,3,94,2,2,2,908
1,1,3,1,1,2,79,909
5,4,1,3,2,81,3,910
1,1,103,1,1,2,2,911
164,1,1,2,1,1,1,912
165,1,2,1,1,2,2,913
5,4,104,3,2,1,3,914
4,1,3,1,3,83,2,915
1,1,2,1,48,2,2,916
173,1,1,2,1,1,1,917
10,1,107,1,3,3,2,918
9,1,4,1,92,3,2,919
1,1,108,1,1,2,2,920
1,1,109,2,2,2,2,921
1,1,2,95,1,2,2,922
5,10,6,3,1,1,3,923
10,1,86,1,3,3,2,924
4,1,4,1,3,68,2,925
4,1,87,1,3,3,2,926
52,17,31,97,26,26,19,927
1,1,110,2,2,2,2,928
13,1,4,4,1,3,1,929
16,1,6,96,93,9,2,930
13,1,6,4,1,1,1,931
1,1,4,1,2,3,4,932
5,4,6,1,2,1,82,933
41,1,44,98,1,33,2,934
174,1,3,1,1,2,2,935
1,1,4,99,2,3,4,936
1,1,2,1,94,2,2,937
1,1,111,1,1,2,2,938
175,4,6,3,2,1,3,939
1,1,2,1,1,2,85,940
1,1,2,1,98,2,2,941
1,1,2,101,1,2,2,942
1,1,3,1,1,12,87,943
1,1,3,1,41,12,90,944
1,1,3,1,100,12,2,945
1,1,3,1,96,12,2,946
1,1,3,2,2,94,2,947
1,1,3,2,9,92,2,948
1,1,3,2,97,2,2,949
1,1,3,5,95,2,2,950
1,1,121,1,1,2,2,951
1,1,114,1,1,2,2,952
1,1,116,1,1,2,2,953
1,1,115,1,1,2,2,954
1,1,118,2,2,2,2,955
1,1,113,2,2,2,2,956
1,2,2,1,99,2,2,957
1,71,2,1,1,2,2,958
1,74,3,2,2,2,2,959
13,3,1,3,1,1,83,960
13,3,1,3,1,1,89,961
13,3,1,3,1,96,1,962
13,3,1,100,1,1,1,963
13,3,120,3,1,1,1,964
2,1,1,103,1,1,1,965
5,10,6,3,2,1,86,966
5,10,112,3,2,1,3,967
5,4,6,3,2,1,84,968
5,4,6,3,2,1,91,969
5,4,6,3,2,98,3,970
5,4,6,3,2,97,3,971
5,4,6,3,2,95,3,972
5,4,6,3,2,93,3,973
5,4,117,3,2,1,3,974
5,75,4,3,2,3,3,975
5,76,6,3,2,1,3,976
5,73,6,3,2,1,3,977
5,72,6,3,2,1,3,978
9,1,4,1,3,3,88,979
182,1,2,1,1,2,2,980
181,1,2,1,1,2,2,981
183,1,3,2,2,2,2,982
176,1,4,1,3,3,2,983
177,10,6,3,2,1,3,984
180,3,1,3,1,1,1,985
179,4,6,3,2,1,3,986
178,1,2,102,1,2,2,987
1,1,2,1,1,8,2,988
1,4,2,1,1,2,2,989
13,3,1,3,13,1,1,990
13,3,74,3,1,1,1,991
136,1,3,1,41,12,2,992
146,1,2,1,1,2,2,993
150,1,3,2,2,2,2,994
2,22,1,2,1,1,1,995
184,1,2,1,1,2,2,996
36,1,3,2,2,2,2,997
5,4,4,3,18,3,3,998
185,1,2,1,1,2,2,999
187,1,2,1,1,2,2,1000
1,1,3,88,2,2,2,1001
17,4,6,3,2,1,3,1002
89,1,4,1,3,1,2,1003
2,1,1,2,1,1,92,1004
1,1,3,1,1,99,2,1005
13,3,1,3,102,1,1,1006
5,4,129,3,2,1,3,1007
10,1,4,1,3,104,2,1008
35,1,3,1,41,12,2,1009
5,25,4,2,1,3,3,1010
150,1,3,1,41,12,2,1011
10,1,4,1,107,3,2,1012
197,3,1,3,1,1,1,1013
1,1,3,2,104,2,2,1014
5,10,6,3,105,1,3,1015
4,1,127,1,3,3,2,1016
189,1,2,1,1,2,2,1017
38,1,3,1,41,12,2,1018
4,1,4,1,3,103,2,1019
194,4,6,3,2,1,3,1020
10,1,125,1,3,3,2,1021
178,1,2,1,1,2,2,1022
1,1,3,1,1,2,96,1023
13,78,1,3,1,1,1,1024
202,1,3,2,2,2,2,1025
196,1,126,1,3,3,2,1026
4,80,4,113,3,3,2,1027
5,4,4,110,2,3,3,1028
1,1,3,112,41,12,2,1029
1,1,22,1,1,2,2,1030
195,4,6,3,2,1,3,1031
193,1,4,1,3,3,2,1032
201,1,3,2,2,2,2,1033
5,4,6,1,110,1,3,1034
200,1,3,1,1,12,2,1035
13,3,1,3,1,1,94,1036
1,1,2,106,1,2,2,1037
207,1,2,1,1,2,2,1038
2,1,1,2,1,1,67,1039
204,1,2,1,1,2,2,1040
4,1,4,92,3,3,2,1041
5,25,128,3,2,3,3,1042
10,1,4,1,3,105,2,1043
192,1,4,1,3,3,2,1044
1,1,3,1,41,12,97,1045
188,1,3,2,2,2,2,1046
13,3,1,3,103,1,1,1047
10,1,4,104,3,3,2,1048
13,3,1,3,1,101,1,1049
13,3,1,19,1,1,1,1050
5,25,4,2,2,3,3,1051
203,1,3,2,2,2,2,1052
1,1,2,105,1,2,2,1053
1,67,2,1,1,2,2,1054
5,79,6,3,2,1,3,1055
1,1,2,107,1,2,2,1056
205,1,3,1,41,12,2,1057
10,1,4,109,3,3,2,1058
2,1,123,2,1,1,1,1059
5,4,130,3,2,1,3,1060
4,1,3,1,3,2,2,1061
199,1,2,1,1,2,2,1062
2,82,1,6,1,1,1,1063
5,10,6,3,106,1,3,1064
5,4,6,3,106,1,3,1065
5,81,6,3,2,1,3,1066
13,3,1,3,1,1,95,1067
199,1,43,2,2,2,2,1068
5,4,4,3,2,108,3,1069
10,1,4,108,3,3,2,1070
1,1,8,1,41,12,2,1071
16,1,4,2,2,3,2,1072
206,1,3,1,41,12,2,1073
2,77,1,2,1,1,1,1074
1,1,124,2,2,2,2,1075
5,4,6,3,2,1,99,1076
5,4,6,3,2,1,100,1077
1,1,3,1,109,12,2,1078
198,3,1,3,1,1,1,1079
190,1,2,1,1,2,2,1080
4,1,4,1,3,107,2,1081
5,4,6,111,2,1,3,1082
13,3,1,3,1,98,1,1083
5,4,6,3,2,1,98,1084
191,1,3,2,2,2,2,1085
10,1,4,1,108,106,2,1086
1,1,5,4,1,4,2,1087
1,1,2,1,1,102,2,1088
2,1,1,114,1,1,1,1089
16,15,2,2,5,9,2,1090
1,15,6,2,5,9,2,1091
13,1,1,2,2,2,9,1092
1,67,3,2,2,2,2,1093
1,67,3,2,9,2,2,1094
10,1,4,18,3,3,2,1095
200,1,2,1,1,2,2,1096
47,1,3,1,41,12,2,1097
47,1,3,4,2,2,2,1098
1,1,2,74,1,2,2,1099
1,1,3,5,2,99,2,1100
1,1,2,1,1,42,2,1101
1,1,23,1,41,12,2,1102
1,1,2,1,1,94,2,1103
5,4,6,3,2,89,3,1104
214,1,2,1,1,2,2,1105
5,83,6,3,2,1,3,1106
210,1,2,1,1,2,2,1107
217,1,3,2,2,2,2,1108
215,1,2,1,1,2,2,1109
211,1,4,1,3,3,2,1110
216,1,3,2,2,2,2,1111
221,1,3,2,18,2,2,1112
1,1,3,118,2,2,71,1113
2,1,1,2,113,1,1,1114
1,86,3,1,41,12,2,1115
13,3,1,3,1,113,1,1116
1,87,3,1,41,12,2,1117
1,1,3,2,2,109,2,1118
10,1,4,1,3,110,2,1119
5,4,6,3,111,1,3,1120
1,1,3,1,112,2,2,1121
212,1,3,2,2,2,2,1122
5,84,6,3,2,1,3,1123
1,1,2,1,1,2,102,1124
2,26,1,2,1,112,1,1125
218,1,2,1,1,2,2,1126
219,1,2,1,1,2,2,1127
5,4,6,116,2,1,3,1128
10,1,137,1,3,3,2,1129
220,1,2,1,1,2,2,1130
2,85,1,2,1,1,1,1131
5,4,6,117,2,1,3,1132
5,4,135,3,2,1,3,1133
1,1,3,1,41,111,2,1134
1,1,3,1,41,12,103,1135
1,1,136,2,2,2,2,1136
213,1,1,2,1,1,1,1137
208,1,2,1,1,2,2,1138
209,3,1,3,1,1,1,1139
1,1,131,1,1,2,2,1140
10,1,132,1,3,3,2,1141
13,3,133,3,1,1,1,1142
10,1,134,1,3,3,2,1143
5,4,6,115,2,1,3,1144
1,1,2,1,1,2,101,1145
2,88,1,2,1,1,1,1146
1,1,3,4,3,2,2,1147
16,1,6,3,9,9,2,1148
13,1,81,2,1,1,1,1149
1,1,3,2,114,2,2,1150
1,1,2,1,1,115,2,1151
1,1,3,1,41,114,2,1152
1,1,2,112,1,2,2,1153
224,1,2,1,1,2,2,1154
4,10,4,1,3,3,2,1155
48,1,3,2,2,2,31,1156
9,1,4,121,3,3,2,1157
230,3,1,3,1,1,1,1158
1,1,2,1,1,119,2,1159
1,1,141,1,41,12,2,1160
4,1,4,1,116,3,2,1161
225,10,6,3,2,1,3,1162
226,4,1,3,2,1,3,1163
5,3,6,3,2,1,3,1164
1,1,3,5,1,116,2,1165
213,25,1,2,1,1,1,1166
36,1,89,2,2,2,2,1167
1,1,3,2,2,76,2,1168
1,89,2,1,1,2,2,1169
5,4,6,3,2,1,40,1170
38,1,2,1,1,2,1,1171
2,4,1,2,1,1,3,1172
1,1,6,1,1,1,3,1173
5,1,1,2,2,1,3,1174
1,1,1,1,1,1,1,1175
5,1,1,1,2,1,1,1176
9,8,4,2,5,3,4,1177
2,1,1,87,1,1,1,1178
4,1,4,1,115,3,2,1179
227,1,43,2,2,2,2,1180
2,1,1,2,1,1,104,1181
228,1,1,2,1,1,1,1182
229,4,6,3,2,1,3,1183
5,4,6,3,2,117,3,1184
1,90,3,2,2,2,48,1185
36,1,139,2,2,2,2,1186
5,4,140,3,2,1,3,1187
1,1,2,1,1,118,2,1188
1,1,3,120,41,12,2,1189
1,9,124,2,2,2,2,1190
13,3,1,3,1,1,105,1191
2,1,142,2,1,1,1,1192
5,4,1,3,2,71,3,1193
13,4,3,13,1,1,1,1194
2,1,1,2,25,1,1,1195
1,89,2,2,1,2,2,1196
5,6,1,3,4,106,3,1197
1,79,2,2,1,2,2,1198
5,4,127,3,2,3,3,1199
233,1,4,1,3,3,2,1200
1,1,144,1,1,2,2,1201
234,1,3,5,43,2,2,1202
5,4,6,3,2,120,3,1203
5,4,4,122,2,3,3,1204
1,92,3,2,2,2,9,1205
231,1,2,1,1,2,2,1206
1,1,3,2,119,2,2,1207
9,1,4,1,5,3,4,1208
1,1,22,1,1,12,2,1209
5,10,1,3,2,1,3,1210
2,1,1,2,42,1,1,1211
13,1,4,13,1,3,1,1212
13,3,1,3,117,1,1,1213
235,10,6,3,2,1,3,1214
236,1,2,42,1,2,2,1215
237,8,4,1,5,3,4,1216
1,1,145,1,1,2,2,1217
5,4,6,3,2,121,3,1218
2,1,1,123,1,1,1,1219
4,1,4,124,3,3,2,1220
2,1,1,2,1,1,106,1221
255,1,3,1,1,2,2,1222
10,1,4,1,108,3,2,1223
1,1,3,127,2,2,2,1224
1,1,148,2,2,2,2,1225
2,1,149,2,1,1,1,1226
1,98,2,1,1,2,2,1227
260,1,2,1,1,2,2,1228
261,10,6,3,2,1,3,1229
4,1,4,109,3,3,2,1230
1,1,2,1,1,135,2,1231
246,1,3,1,1,33,2,1232
1,1,3,2,2,134,2,1233
4,1,4,1,3,128,2,1234
13,3,1,126,1,1,1,1235
256,1,4,1,3,3,2,1236
1,1,155,1,1,2,2,1237
1,105,4,1,1,3,2,1238
1,1,150,2,2,2,2,1239
1,1,2,128,1,2,2,1240
247,1,2,1,1,2,2,1241
1,1,2,1,1,2,111,1242
248,1,3,2,2,2,2,1243
1,1,1,1,3,1,2,1244
13,104,1,3,1,1,1,1245
4,1,154,1,3,3,2,1246
1,1,3,1,41,126,97,1247
1,103,2,1,1,2,2,1248
2,96,1,2,1,1,1,1249
4,1,4,1,123,3,2,1250
245,1,2,1,1,2,2,1251
1,102,54,1,1,2,2,1252
5,4,6,3,2,132,3,1253
1,1,3,1,41,133,2,1254
1,97,2,1,1,2,2,1255
13,3,147,3,1,1,1,1256
5,4,6,3,2,127,3,1257
10,89,4,1,3,3,2,1258
257,1,1,2,1,1,1,1259
13,100,1,3,1,1,1,1260
1,1,2,1,1,129,2,1261
1,1,151,1,1,2,2,1262
249,1,1,2,1,1,1,1263
216,1,85,1,1,2,2,1264
250,1,4,1,3,3,2,1265
157,1,1,129,1,1,1,1266
251,1,2,1,1,2,2,1267
252,1,2,1,1,2,2,1268
5,4,6,131,2,1,3,1269
254,10,6,3,2,1,3,1270
2,1,1,130,1,1,1,1271
1,14,2,1,1,2,2,1272
1,99,2,1,1,2,2,1273
1,1,3,1,1,130,2,1274
13,3,1,3,1,3,1,1275
1,1,156,2,2,2,9,1276
5,10,6,45,2,1,3,1277
259,3,1,3,1,1,1,1278
4,1,4,125,3,3,2,1279
1,1,152,1,41,12,2,1280
239,1,2,1,1,2,2,1281
253,1,2,1,1,2,2,1282
1,1,2,1,1,2,114,1283
1,37,3,2,2,2,2,1284
5,4,6,3,2,131,3,1285
1,101,3,5,2,2,2,1286
2,1,153,2,1,1,1,1287
1,107,3,1,1,2,2,1288
1,106,2,1,1,2,2,1289
240,1,2,2,3,2,2,1290
241,1,1,2,1,1,1,1291
242,25,1,2,1,1,1,1292
243,1,1,2,1,1,1,1293
244,1,1,2,1,1,1,1294
4,1,4,1,3,122,2,1295
10,1,2,1,3,123,2,1296
2,1,1,2,1,124,1,1297
2,1,1,2,1,125,1,1298
2,95,1,2,1,1,1,1299
2,1,1,2,120,1,1,1300
2,1,1,2,121,1,1,1301
10,1,4,1,122,3,2,1302
1,1,160,1,1,3,4,1303
2,1,1,2,1,1,108,1304
2,1,1,2,1,1,109,1305
1,1,2,1,1,2,110,1306
1,1,2,1,1,136,2,1307
2,1,1,2,1,1,112,1308
10,1,4,1,3,3,113,1309
2,1,146,3,1,1,1,1310
9,5,161,1,3,3,38,1311
1,1,157,2,2,2,2,1312
2,1,158,2,1,1,1,1313
1,93,2,1,1,2,2,1314
4,1,159,1,3,3,2,1315
238,1,3,2,2,2,2,1316
5,94,6,3,2,1,3,1317
5,4,4,3,2,137,3,1318
232,3,1,3,1,1,1,1319
5,10,6,3,118,1,3,1320
186,1,3,1,41,12,2,1321
1,91,3,5,2,2,2,1322
262,1,43,2,2,2,2,1323
263,1,43,2,2,2,2,1324
258,4,6,3,2,1,3,1325
154,1,2,1,1,2,2,1326
1,108,3,2,2,2,2,1327
4,1,4,132,3,3,2,1328
1,1,2,1,1,138,2,1329
1,1,2,1,1,139,2,1330
1,109,2,1,1,2,2,1331
5,4,6,3,125,1,3,1332
264,1,3,2,2,2,2,1333
145,1,2,1,1,2,2,1334
1,1,3,5,1,2,2,1335
1,1,3,2,18,2,116,1336
13,3,1,3,1,1,117,1337
265,1,1,2,1,1,1,1338
2,1,1,2,1,1,118,1339
2,1,1,2,117,1,1,1340
9,1,4,1,3,2,2,1341
5,4,1,3,2,2,3,1342
1,1,2,1,1,12,2,1343
1,1,3,1,1,1,2,1344
1,2,3,5,2,2,2,1345
5,4,1,3,2,9,3,1346
16,1,6,2,9,2,2,1347
5,10,6,3,2,2,3,1348
58,1,2,1,1,2,2,1349
1,1,2,1,1,2,107,1350
2,110,1,2,1,1,1,1351
2,111,1,2,1,1,1,1352
5,4,165,3,2,1,3,1353
266,1,1,2,1,1,1,1354
1,1,3,1,126,130,2,1355
1,1,164,4,1,4,6,1356
1,1,163,4,1,4,6,1357
5,4,6,3,2,1,119,1358
1,1,3,5,2,2,18,1359
5,113,4,3,2,3,3,1360
267,1,1,136,1,1,1,1361
268,1,3,5,2,2,2,1362
1,1,2,133,1,2,2,1363
1,1,169,2,1,2,2,1364
1,1,2,123,1,2,2,1365
5,10,6,134,2,1,3,1366
1,1,2,135,1,2,2,1367
1,1,170,3,1,2,2,1368
1,92,3,2,2,2,2,1369
269,1,4,1,3,3,2,1370
1,1,3,1,1,2,120,1371
10,1,166,1,3,3,2,1372
10,1,167,1,3,3,2,1373
2,1,168,2,1,1,1,1374
270,1,2,1,1,2,2,1375
4,1,4,1,3,140,2,1376
9,1,1,1,3,141,2,1377
2,1,171,2,1,1,1,1378
1,1,2,1,1,142,2,1379
271,4,4,3,2,3,3,1380
1,1,172,2,2,2,2,1381
2,25,1,137,1,1,1,1382
9,1,4,1,107,3,2,1383
35,1,3,1,1,12,2,1384
5,4,6,30,2,1,3,1385
13,45,1,13,1,1,5,1386
127,1,3,1,1,2,2,1387
155,1,2,1,1,2,2,1388
13,112,1,41,1,1,1,1389
94,1,2,1,1,2,2,1390
1,1,2,24,1,2,2,1391
13,1,1,46,1,143,1,1392
13,1,1,138,47,9,1,1393
13,45,173,13,1,1,1,1394
54,17,31,140,26,25,19,1395
9,1,4,75,3,3,2,1396
1,1,174,2,2,2,2,1397
1,1,2,139,1,2,2,1398
112,1,3,2,2,2,2,1399
272,1,4,1,3,144,2,1400
1,1,162,1,1,2,2,1401
275,1,162,1,1,2,2,1402
16,1,6,2,7,9,2,1403
1,1,4,1,1,3,72,1404
1,1,2,1,1,145,2,1405
10,70,4,1,3,3,2,1406
1,1,2,1,1,76,2,1407
10,4,6,3,2,1,3,1408
9,1,4,1,3,146,2,1409
9,1,4,1,127,3,2,1410
16,7,6,2,7,9,2,1411
16,16,6,2,9,9,2,1412
16,9,6,2,9,9,2,1413
16,70,6,2,9,9,2,1414
16,37,6,2,9,9,2,1415
16,9,6,98,9,9,2,1416
16,9,67,2,9,9,2,1417
16,21,6,2,9,9,2,1418
97,21,6,2,9,9,2,1419
13,9,173,13,1,1,5,1420
13,70,1,13,1,1,5,1421
16,70,53,2,9,9,2,1422
2,1,1,142,1,1,1,1423
9,1,4,124,3,3,2,1424
1,1,176,1,1,2,2,1425
1,1,179,1,1,2,77,1426
9,1,4,1,128,3,2,1427
10,1,178,1,3,40,2,1428
5,4,178,3,2,1,3,1429
276,1,3,1,1,148,2,1430
36,1,2,1,1,147,2,1431
273,1,3,2,2,2,2,1432
274,1,3,1,1,12,2,1433
2,1,1,141,1,1,1,1434
1,1,3,1,1,2,1,1435
13,3,3,3,1,2,1,1436
5,4,6,1,2,1,2,1437
16,1,1,2,9,1,2,1438
1,38,2,1,1,2,2,1439
1,43,2,1,1,2,2,1440
4,92,4,1,3,3,2,1441
5,4,125,3,2,3,3,1442
1,1,2,1,41,2,2,1443
1,1,2,1,136,2,2,1444
1,1,2,4,1,2,6,1445
1,1,2,39,1,2,2,1446
1,1,2,149,1,2,2,1447
1,1,2,150,1,2,2,1448
1,1,3,1,41,156,2,1449
1,1,3,1,41,12,114,1450
1,1,3,1,137,12,2,1451
1,1,3,2,30,2,2,1452
1,1,3,2,138,2,2,1453
1,1,3,2,139,2,2,1454
1,1,3,5,140,2,2,1455
1,1,3,46,2,2,2,1456
1,1,3,151,41,12,2,1457
1,1,3,152,41,12,2,1458
1,1,5,4,78,4,6,1459
1,1,12,1,1,2,2,1460
1,1,78,2,2,2,2,1461
1,14,3,5,2,2,2,1462
1,42,2,1,1,2,2,1463
1,64,3,5,2,2,2,1464
2,1,1,2,1,1,125,1465
2,1,1,2,141,1,1,1466
2,1,1,136,1,1,1,1467
2,1,186,2,1,1,1,1468
2,1,187,2,1,1,1,1469
2,1,188,2,1,1,1,1470
4,1,2,1,3,2,2,1471
4,1,4,1,3,2,2,1472
4,1,4,1,3,3,76,1473
4,1,189,1,3,3,2,1474
5,4,4,3,2,3,126,1475
5,4,6,3,28,1,3,1476
5,4,6,3,142,1,3,1477
5,4,6,153,2,1,3,1478
5,4,190,3,2,1,3,1479
5,10,6,3,2,120,3,1480
9,1,4,154,3,3,2,1481
9,33,4,1,3,3,2,1482
10,1,4,1,3,157,2,1483
10,1,4,1,3,9,2,1484
10,1,191,1,3,3,2,1485
13,116,1,3,1,1,1,1486
13,117,1,3,1,1,1,1487
13,118,1,3,1,1,1,1488
36,1,3,2,18,2,2,1489
36,1,3,5,2,2,2,1490
59,4,6,3,2,1,3,1491
61,1,3,1,41,12,2,1492
65,1,3,1,41,12,2,1493
68,1,3,1,41,12,2,1494
260,1,3,1,1,2,2,1495
260,1,3,1,41,12,2,1496
260,1,89,2,2,2,2,1497
267,1,1,2,1,1,1,1498
283,1,1,2,1,1,1,1499
284,1,2,1,1,2,2,1500
285,1,3,2,18,2,2,1501
286,1,4,1,3,3,2,1502
287,1,57,2,1,1,1,1503
288,3,1,3,1,1,1,1504
289,4,6,3,2,1,3,1505
290,4,6,3,2,1,3,1506
5,4,6,146,2,1,3,1507
5,4,6,147,2,1,3,1508
5,4,6,148,2,1,3,1509
1,1,2,2,1,152,2,1510
1,1,2,2,1,2,122,1511
9,1,2,1,3,153,2,1512
9,1,2,1,3,2,124,1513
13,1,1,13,1,154,1,1514
13,1,1,13,135,1,1,1515
281,45,1,13,1,1,1,1516
282,1,2,1,1,2,2,1517
9,1,4,155,3,3,2,1518
1,1,175,2,2,2,2,1519
291,1,3,1,1,12,2,1520
1,1,2,1,1,155,2,1521
5,4,6,3,106,9,3,1522
1,92,2,1,9,2,2,1523
1,1,4,4,1,3,2,1524
52,17,31,4,26,159,19,1525
1,1,5,4,1,158,6,1526
5,4,6,3,143,1,3,1527
295,1,3,4,2,2,2,1528
293,1,4,1,3,3,2,1529
294,1,4,1,3,3,2,1530
292,1,3,1,1,2,2,1531
298,1,1,2,1,1,1,1532
299,1,3,2,2,2,2,1533
296,4,6,3,2,1,3,1534
300,1,3,2,2,2,2,1535
301,4,6,3,2,1,3,1536
303,1,1,2,1,1,1,1537
304,1,3,2,2,2,2,1538
1,1,3,2,2,173,2,1539
302,1,3,2,2,2,2,1540
302,1,2,1,1,2,2,1541
307,1,2,1,3,2,2,1542
305,1,1,2,1,1,1,1543
310,1,3,2,2,2,2,1544
308,1,1,2,1,1,1,1545
309,4,6,3,2,1,3,1546
1,1,210,2,18,2,2,1547
316,1,2,1,1,2,2,1548
311,1,2,1,1,2,2,1549
312,1,3,2,2,2,2,1550
313,4,6,3,2,1,3,1551
13,23,1,13,1,1,5,1552
297,1,198,1,1,12,2,1553
2,1,194,2,1,1,1,1554
1,1,195,5,2,2,2,1555
1,1,196,2,2,2,2,1556
10,1,193,1,3,2,2,1557
5,4,197,3,2,1,3,1558
1,1,200,1,1,3,4,1559
10,1,199,1,3,2,2,1560
2,1,201,2,1,1,1,1561
9,1,203,1,3,3,2,1562
1,1,202,2,2,2,2,1563
63,1,205,2,1,1,1,1564
2,1,204,2,1,1,1,1565
2,1,206,2,1,1,1,1566
2,1,207,2,1,1,1,1567
2,1,1,2,1,160,1,1568
10,1,2,1,3,161,2,1569
10,1,4,1,3,163,2,1570
9,1,4,1,3,164,2,1571
1,1,3,2,2,162,2,1572
2,1,1,2,1,165,1,1573
13,4,2,13,1,1,5,1574
1,1,3,2,2,167,9,1575
2,1,1,2,1,166,1,1576
5,4,4,3,2,169,3,1577
2,1,1,2,1,168,1,1578
1,1,5,156,1,4,6,1579
9,1,2,157,3,2,2,1580
2,1,1,158,1,1,1,1581
13,3,1,159,1,1,1,1582
1,119,3,2,2,2,2,1583
2,120,1,2,1,1,1,1584
2,121,1,2,1,1,1,1585
2,122,1,2,1,1,1,1586
10,123,4,1,3,3,2,1587
2,124,1,2,1,1,1,1588
10,1,4,1,144,3,2,1589
5,4,4,3,145,3,3,1590
1,1,3,2,146,2,2,1591
2,1,1,2,148,1,1,1592
2,1,1,2,147,1,1,1593
5,4,6,3,149,1,3,1594
4,1,4,1,150,3,2,1595
2,1,1,2,151,1,1,1596
2,1,1,2,152,1,1,1597
1,1,3,2,2,2,127,1598
5,4,6,3,2,1,128,1599
1,1,3,2,2,2,130,1600
5,4,6,3,2,1,129,1601
10,4,4,1,3,3,2,1602
10,1,79,1,3,3,2,1603
5,1,6,3,2,1,61,1604
15,1,3,1,1,2,2,1605
56,1,3,4,9,2,5,1606
121,1,1,22,1,1,1,1607
1,61,3,4,2,2,2,1608
5,4,6,3,2,56,3,1609
2,64,1,2,1,1,1,1610
1,1,3,5,2,172,2,1611
13,1,2,3,1,171,5,1612
13,1,208,13,1,1,1,1613
13,1,1,160,1,1,1,1614
13,125,1,13,1,1,1,1615
13,1,209,13,1,1,1,1616
13,1,1,161,1,1,1,1617
13,1,1,13,1,170,1,1618
315,1,1,13,1,1,1,1619
306,1,1,13,1,1,1,1620
314,1,1,162,1,1,1,1621
47,4,6,2,154,1,61,1622
52,17,31,28,26,26,131,1623
278,1,2,1,1,2,2,1624
2,1,1,2,130,1,1,1625
1,1,2,1,1,149,2,1626
1,1,181,1,1,3,2,1627
1,1,3,2,2,150,2,1628
279,1,3,2,2,2,2,1629
1,1,182,1,1,2,2,1630
1,1,3,143,2,2,2,1631
1,1,3,1,1,12,121,1632
280,4,6,3,2,1,3,1633
5,4,6,3,131,1,3,1634
5,4,6,3,132,1,3,1635
2,114,1,2,1,1,1,1636
1,1,3,2,133,2,9,1637
2,1,1,144,1,1,1,1638
13,104,183,4,1,52,3,1639
13,1,1,13,153,1,1,1640
1,115,2,1,1,2,2,1641
56,1,184,145,9,28,5,1642
1,1,185,1,1,2,2,1643
1,1,2,1,1,151,2,1644
10,1,4,1,134,3,2,1645
1,1,3,5,2,2,123,1646
16,1,6,2,155,9,2,1647
317,1,2,1,1,2,2,1648
16,1,6,163,9,9,2,1649
10,1,144,1,3,2,2,1650
5,10,6,3,2,1,2,1651
318,40,68,65,3,52,51,1652
13,40,68,65,55,52,132,1653
13,40,68,164,55,52,4,1654
1,1,4,88,1,3,4,1655
92,1,4,4,1,3,2,1656
4,126,4,1,3,3,2,1657
2,1,211,2,1,1,1,1658
319,4,6,3,2,1,3,1659
5,127,6,3,2,1,3,1660
277,1,3,2,2,2,2,1661
320,1,1,1,1,1,1,1662
2,1,212,2,1,1,1,1663
1,15,2,1,1,2,2,1664
1,1,2,1,3,2,2,1665
203,1,43,2,2,2,2,1666
1,1,43,82,2,2,2,1667
1,128,3,1,1,2,2,1668
321,1,2,1,1,2,2,1669
16,1,6,2,9,174,103,1670
2,1,213,2,1,1,1,1671
1,1,2,31,1,2,2,1672
1,1,2,120,1,2,2,1673
1,1,3,12,2,2,2,1674
1,57,2,1,1,2,2,1675
5,4,3,3,2,2,3,1676
25,3,1,3,1,1,1,1677
27,3,1,3,1,1,1,1678
30,1,3,4,2,2,2,1679
35,1,3,2,2,19,2,1680
36,1,3,152,41,12,2,1681
47,1,3,2,2,2,2,1682
47,1,4,1,1,3,2,1683
61,1,2,1,1,2,2,1684
234,1,3,1,41,12,2,1685
238,1,3,1,41,12,2,1686
260,1,3,2,2,2,2,1687
329,1,2,1,1,2,2,1688
1,1,2,1,1,2,133,1689
10,1,215,1,3,3,2,1690
330,1,1,2,1,1,1,1691
1,1,3,2,156,2,2,1692
1,1,3,1,1,2,134,1693
8,1,217,1,3,3,2,1694
13,3,1,3,1,1,135,1695
333,1,3,2,2,2,2,1696
5,4,6,3,157,1,3,1697
5,4,6,3,158,1,3,1698
335,1,1,32,159,1,2,1699
1,4,6,2,160,1,61,1700
5,135,6,3,2,1,3,1701
13,3,1,3,1,1,136,1702
1,136,2,1,1,2,2,1703
336,1,2,1,1,2,2,1704
337,17,31,28,26,26,19,1705
10,1,219,1,3,2,2,1706
1,1,2,1,1,2,134,1707
339,1,2,1,1,2,2,1708
340,1,2,1,1,2,2,1709
342,1,4,1,3,3,2,1710
343,1,4,2,20,3,2,1711
344,1,4,1,3,3,2,1712
345,1,1,2,1,1,1,1713
346,1,4,2,20,3,2,1714
347,1,4,1,3,3,2,1715
348,1,4,1,3,3,2,1716
2,1,1,2,1,181,1,1717
2,1,223,2,1,1,1,1718
1,1,3,2,2,2,141,1719
2,1,1,10,1,183,1,1720
350,1,4,170,3,184,142,1721
2,1,224,2,1,1,1,1722
2,1,1,2,1,1,143,1723
5,4,6,3,2,185,3,1724
5,4,6,3,2,186,3,1725
2,1,1,2,1,187,1,1726
2,1,225,2,1,1,1,1727
351,1,1,10,1,1,1,1728
1,1,3,2,164,2,2,1729
2,1,208,2,1,188,1,1730
5,35,4,3,2,3,144,1731
10,1,4,1,3,189,2,1732
352,4,6,3,2,1,3,1733
353,1,3,1,1,2,2,1734
1,1,2,1,1,190,2,1735
1,1,226,1,1,2,2,1736
1,1,202,1,41,191,2,1737
354,103,3,2,1,2,2,1738
355,1,12,1,3,2,2,1739
13,139,1,3,1,1,1,1740
5,4,6,3,2,192,3,1741
2,1,227,2,1,1,1,1742
2,1,1,172,1,1,1,1743
1,1,2,1,1,193,2,1744
357,140,1,10,1,1,1,1745
1,1,3,173,2,2,2,1746
5,141,6,3,2,1,3,1747
4,1,4,174,3,3,2,1748
2,142,1,2,1,1,1,1749
2,1,1,2,165,1,1,1750
2,1,1,10,1,1,145,1751
9,1,228,1,3,3,2,1752
1,1,214,1,1,2,2,1753
2,1,1,2,1,194,1,1754
2,1,1,10,1,195,1,1755
358,1,3,1,1,2,2,1756
1,1,230,2,2,2,2,1757
13,3,231,3,1,1,1,1758
359,1,4,1,3,3,2,1759
2,1,233,2,1,1,1,1760
2,1,1,2,1,197,1,1761
5,25,4,3,167,3,3,1765
1,143,3,1,41,12,2,1766
1,1,3,1,41,198,2,1768
360,1,3,1,41,12,2,1769
361,1,3,1,1,12,2,1770
2,25,234,2,1,1,1,1772
2,144,1,2,1,1,1,1773
9,145,7,1,3,3,2,1776
9,5,7,1,168,3,2,1777
1,1,3,1,169,12,2,1782
9,1,4,1,170,3,2,1783
2,1,235,2,1,1,1,1784
362,1,1,2,1,1,1,1785
363,1,1,2,1,1,1,1786
2,1,1,2,172,1,1,1787
364,1,3,2,2,2,2,1788
1,1,3,2,173,2,2,1789
9,8,4,1,174,3,4,1790
5,4,6,3,2,1,147,1791
10,1,4,1,3,199,2,1792
1,1,3,2,175,2,2,1793
1,142,2,1,1,2,2,1794
5,25,4,3,2,201,3,1795
10,1,4,1,177,3,2,1796
5,4,6,3,2,1,151,1798
1,1,2,1,1,202,2,1799
367,1,2,1,1,2,2,1800
10,1,4,179,3,3,2,1801
5,148,4,3,2,3,3,1802
157,1,1,2,1,203,1,1803
358,1,2,1,1,2,2,1805
369,1,2,1,1,2,2,1806
370,1,3,1,41,12,2,1807
5,4,4,3,2,3,152,1808
371,4,6,3,2,1,3,1809
372,1,4,1,3,3,2,1810
373,1,2,1,1,2,2,1811
374,1,2,1,1,2,2,1812
375,1,3,2,2,2,2,1813
376,1,2,1,1,2,2,1814
377,1,2,1,1,2,2,1815
378,4,6,3,2,1,3,1816
379,1,3,2,2,2,2,1817
380,1,3,1,1,12,2,1818
381,1,43,2,2,2,2,1819
382,1,3,2,2,2,2,1820
383,1,3,4,2,2,2,1821
384,1,2,1,1,2,2,1822
385,1,2,1,1,2,2,1823
381,1,2,1,1,2,2,1824
386,4,6,3,2,1,3,1825
387,1,3,1,41,12,2,1827
388,1,3,2,18,2,2,1828
389,1,2,1,1,2,2,1829
10,1,4,32,2,208,2,1830
390,1,3,2,2,2,2,1831
4,1,236,1,122,3,2,1832
13,3,1,3,1,209,1,1833
392,1,3,1,41,12,2,1834
377,1,2,102,1,2,2,1835
394,1,2,1,1,2,2,1836
395,8,4,1,5,3,4,1837
1,1,2,1,1,2,153,1838
396,1,3,2,2,2,2,1839
397,1,2,1,1,2,2,1840
1,1,2,1,179,2,2,1841
5,4,229,3,2,1,3,1842
1,1,2,1,1,179,2,1843
5,4,6,153,2,1,137,1844
5,4,6,166,2,1,3,1845
5,35,4,3,2,3,138,1846
5,10,6,3,2,175,3,1847
1,1,220,5,2,2,2,1848
326,3,1,3,1,1,1,1849
1,1,3,171,2,2,2,1850
4,1,4,1,3,176,2,1851
327,4,6,3,2,1,3,1852
5,4,6,3,161,1,3,1853
5,4,221,3,2,1,3,1854
328,25,4,3,2,3,3,1855
1,1,138,1,1,2,2,1856
179,4,6,1,2,1,3,1857
1,1,4,1,5,3,2,1858
1,1,6,1,1,9,2,1859
1,1,2,176,1,2,2,1860
331,1,2,1,1,2,2,1861
16,1,6,2,176,9,2,1862
9,5,7,1,3,3,146,1863
